district,zone,primary_crop,average_yield_quintal_per_ha,sown_area_hectares,production_metric_tons,irrigation_coverage_pct
jhapa,undefined,Paddy,18.0,600,1080.0,42
jhapa,undefined,Wheat,16.2,800,1296.0,38
jhapa,undefined,Maize,19.0,1200,2280.0,25
jhapa,undefined,Potato,125.0,1500,18750.0,50
morang,undefined,Paddy,18.0,600,1080.0,42
morang,undefined,Wheat,16.2,800,1296.0,38
morang,undefined,Maize,19.0,1200,2280.0,25
morang,undefined,Potato,125.0,1500,18750.0,50
sunsari,undefined,Paddy,18.0,600,1080.0,42
sunsari,undefined,Wheat,16.2,800,1296.0,38
sunsari,undefined,Maize,19.0,1200,2280.0,25
sunsari,undefined,Potato,125.0,1500,18750.0,50
ilam,undefined,Paddy,18.0,600,1080.0,42
ilam,undefined,Wheat,16.2,800,1296.0,38
ilam,undefined,Maize,19.0,1200,2280.0,25
ilam,undefined,Potato,125.0,1500,18750.0,50
panchthar,undefined,Paddy,18.0,600,1080.0,42
panchthar,undefined,Wheat,16.2,800,1296.0,38
panchthar,undefined,Maize,19.0,1200,2280.0,25
panchthar,undefined,Potato,125.0,1500,18750.0,50
taplejung,undefined,Paddy,18.0,600,1080.0,42
taplejung,undefined,Wheat,16.2,800,1296.0,38
taplejung,undefined,Maize,19.0,1200,2280.0,25
taplejung,undefined,Potato,125.0,1500,18750.0,50
dhankuta,undefined,Paddy,18.0,600,1080.0,42
dhankuta,undefined,Wheat,16.2,800,1296.0,38
dhankuta,undefined,Maize,19.0,1200,2280.0,25
dhankuta,undefined,Potato,125.0,1500,18750.0,50
bhojpur,undefined,Paddy,18.0,600,1080.0,42
bhojpur,undefined,Wheat,16.2,800,1296.0,38
bhojpur,undefined,Maize,19.0,1200,2280.0,25
bhojpur,undefined,Potato,125.0,1500,18750.0,50
terhathum,undefined,Paddy,18.0,600,1080.0,42
terhathum,undefined,Wheat,16.2,800,1296.0,38
terhathum,undefined,Maize,19.0,1200,2280.0,25
terhathum,undefined,Potato,125.0,1500,18750.0,50
sankhuwasabha,undefined,Paddy,18.0,600,1080.0,42
sankhuwasabha,undefined,Wheat,16.2,800,1296.0,38
sankhuwasabha,undefined,Maize,19.0,1200,2280.0,25
sankhuwasabha,undefined,Potato,125.0,1500,18750.0,50
solukhumbu,undefined,Paddy,18.0,600,1080.0,42
solukhumbu,undefined,Wheat,16.2,800,1296.0,38
solukhumbu,undefined,Maize,19.0,1200,2280.0,25
solukhumbu,undefined,Potato,125.0,1500,18750.0,50
khotang,undefined,Paddy,18.0,600,1080.0,42
khotang,undefined,Wheat,16.2,800,1296.0,38
khotang,undefined,Maize,19.0,1200,2280.0,25
khotang,undefined,Potato,125.0,1500,18750.0,50
okhaldhunga,undefined,Paddy,18.0,600,1080.0,42
okhaldhunga,undefined,Wheat,16.2,800,1296.0,38
okhaldhunga,undefined,Maize,19.0,1200,2280.0,25
okhaldhunga,undefined,Potato,125.0,1500,18750.0,50
udayapur,undefined,Paddy,18.0,600,1080.0,42
udayapur,undefined,Wheat,16.2,800,1296.0,38
udayapur,undefined,Maize,19.0,1200,2280.0,25
udayapur,undefined,Potato,125.0,1500,18750.0,50
saptari,undefined,Paddy,18.0,600,1080.0,42
saptari,undefined,Wheat,16.2,800,1296.0,38
saptari,undefined,Maize,19.0,1200,2280.0,25
saptari,undefined,Potato,125.0,1500,18750.0,50
siraha,undefined,Paddy,18.0,600,1080.0,42
siraha,undefined,Wheat,16.2,800,1296.0,38
siraha,undefined,Maize,19.0,1200,2280.0,25
siraha,undefined,Potato,125.0,1500,18750.0,50
dhanusha,undefined,Paddy,18.0,600,1080.0,42
dhanusha,undefined,Wheat,16.2,800,1296.0,38
dhanusha,undefined,Maize,19.0,1200,2280.0,25
dhanusha,undefined,Potato,125.0,1500,18750.0,50
mahottari,undefined,Paddy,18.0,600,1080.0,42
mahottari,undefined,Wheat,16.2,800,1296.0,38
mahottari,undefined,Maize,19.0,1200,2280.0,25
mahottari,undefined,Potato,125.0,1500,18750.0,50
sarlahi,undefined,Paddy,18.0,600,1080.0,42
sarlahi,undefined,Wheat,16.2,800,1296.0,38
sarlahi,undefined,Maize,19.0,1200,2280.0,25
sarlahi,undefined,Potato,125.0,1500,18750.0,50
rautahat,undefined,Paddy,18.0,600,1080.0,42
rautahat,undefined,Wheat,16.2,800,1296.0,38
rautahat,undefined,Maize,19.0,1200,2280.0,25
rautahat,undefined,Potato,125.0,1500,18750.0,50
bara,undefined,Paddy,18.0,600,1080.0,42
bara,undefined,Wheat,16.2,800,1296.0,38
bara,undefined,Maize,19.0,1200,2280.0,25
bara,undefined,Potato,125.0,1500,18750.0,50
parsa,undefined,Paddy,18.0,600,1080.0,42
parsa,undefined,Wheat,16.2,800,1296.0,38
parsa,undefined,Maize,19.0,1200,2280.0,25
parsa,undefined,Potato,125.0,1500,18750.0,50
chitwan,undefined,Paddy,18.0,600,1080.0,42
chitwan,undefined,Wheat,16.2,800,1296.0,38
chitwan,undefined,Maize,19.0,1200,2280.0,25
chitwan,undefined,Potato,125.0,1500,18750.0,50
kathmandu,undefined,Paddy,18.0,600,1080.0,42
kathmandu,undefined,Wheat,16.2,800,1296.0,38
kathmandu,undefined,Maize,19.0,1200,2280.0,25
kathmandu,undefined,Potato,125.0,1500,18750.0,50
lalitpur,undefined,Paddy,18.0,600,1080.0,42
lalitpur,undefined,Wheat,16.2,800,1296.0,38
lalitpur,undefined,Maize,19.0,1200,2280.0,25
lalitpur,undefined,Potato,125.0,1500,18750.0,50
bhaktapur,undefined,Paddy,18.0,600,1080.0,42
bhaktapur,undefined,Wheat,16.2,800,1296.0,38
bhaktapur,undefined,Maize,19.0,1200,2280.0,25
bhaktapur,undefined,Potato,125.0,1500,18750.0,50
kavrepalanchok,undefined,Paddy,18.0,600,1080.0,42
kavrepalanchok,undefined,Wheat,16.2,800,1296.0,38
kavrepalanchok,undefined,Maize,19.0,1200,2280.0,25
kavrepalanchok,undefined,Potato,125.0,1500,18750.0,50
dhading,undefined,Paddy,18.0,600,1080.0,42
dhading,undefined,Wheat,16.2,800,1296.0,38
dhading,undefined,Maize,19.0,1200,2280.0,25
dhading,undefined,Potato,125.0,1500,18750.0,50
nuwakot,undefined,Paddy,18.0,600,1080.0,42
nuwakot,undefined,Wheat,16.2,800,1296.0,38
nuwakot,undefined,Maize,19.0,1200,2280.0,25
nuwakot,undefined,Potato,125.0,1500,18750.0,50
makwanpur,undefined,Paddy,18.0,600,1080.0,42
makwanpur,undefined,Wheat,16.2,800,1296.0,38
makwanpur,undefined,Maize,19.0,1200,2280.0,25
makwanpur,undefined,Potato,125.0,1500,18750.0,50
sindhupalchok,undefined,Paddy,18.0,600,1080.0,42
sindhupalchok,undefined,Wheat,16.2,800,1296.0,38
sindhupalchok,undefined,Maize,19.0,1200,2280.0,25
sindhupalchok,undefined,Potato,125.0,1500,18750.0,50
dolakha,undefined,Paddy,18.0,600,1080.0,42
dolakha,undefined,Wheat,16.2,800,1296.0,38
dolakha,undefined,Maize,19.0,1200,2280.0,25
dolakha,undefined,Potato,125.0,1500,18750.0,50
ramechhap,undefined,Paddy,18.0,600,1080.0,42
ramechhap,undefined,Wheat,16.2,800,1296.0,38
ramechhap,undefined,Maize,19.0,1200,2280.0,25
ramechhap,undefined,Potato,125.0,1500,18750.0,50
sindhuli,undefined,Paddy,18.0,600,1080.0,42
sindhuli,undefined,Wheat,16.2,800,1296.0,38
sindhuli,undefined,Maize,19.0,1200,2280.0,25
sindhuli,undefined,Potato,125.0,1500,18750.0,50
rasuwa,undefined,Paddy,18.0,600,1080.0,42
rasuwa,undefined,Wheat,16.2,800,1296.0,38
rasuwa,undefined,Maize,19.0,1200,2280.0,25
rasuwa,undefined,Potato,125.0,1500,18750.0,50
gorkha,undefined,Paddy,18.0,600,1080.0,42
gorkha,undefined,Wheat,16.2,800,1296.0,38
gorkha,undefined,Maize,19.0,1200,2280.0,25
gorkha,undefined,Potato,125.0,1500,18750.0,50
kaski,undefined,Paddy,18.0,600,1080.0,42
kaski,undefined,Wheat,16.2,800,1296.0,38
kaski,undefined,Maize,19.0,1200,2280.0,25
kaski,undefined,Potato,125.0,1500,18750.0,50
tanahun,undefined,Paddy,18.0,600,1080.0,42
tanahun,undefined,Wheat,16.2,800,1296.0,38
tanahun,undefined,Maize,19.0,1200,2280.0,25
tanahun,undefined,Potato,125.0,1500,18750.0,50
syangja,undefined,Paddy,18.0,600,1080.0,42
syangja,undefined,Wheat,16.2,800,1296.0,38
syangja,undefined,Maize,19.0,1200,2280.0,25
syangja,undefined,Potato,125.0,1500,18750.0,50
lamjung,undefined,Paddy,18.0,600,1080.0,42
lamjung,undefined,Wheat,16.2,800,1296.0,38
lamjung,undefined,Maize,19.0,1200,2280.0,25
lamjung,undefined,Potato,125.0,1500,18750.0,50
nawalpur,undefined,Paddy,18.0,600,1080.0,42
nawalpur,undefined,Wheat,16.2,800,1296.0,38
nawalpur,undefined,Maize,19.0,1200,2280.0,25
nawalpur,undefined,Potato,125.0,1500,18750.0,50
parbat,undefined,Paddy,18.0,600,1080.0,42
parbat,undefined,Wheat,16.2,800,1296.0,38
parbat,undefined,Maize,19.0,1200,2280.0,25
parbat,undefined,Potato,125.0,1500,18750.0,50
baglung,undefined,Paddy,18.0,600,1080.0,42
baglung,undefined,Wheat,16.2,800,1296.0,38
baglung,undefined,Maize,19.0,1200,2280.0,25
baglung,undefined,Potato,125.0,1500,18750.0,50
myagdi,undefined,Paddy,18.0,600,1080.0,42
myagdi,undefined,Wheat,16.2,800,1296.0,38
myagdi,undefined,Maize,19.0,1200,2280.0,25
myagdi,undefined,Potato,125.0,1500,18750.0,50
mustang,undefined,Paddy,18.0,600,1080.0,42
mustang,undefined,Wheat,16.2,800,1296.0,38
mustang,undefined,Maize,19.0,1200,2280.0,25
mustang,undefined,Potato,125.0,1500,18750.0,50
manang,undefined,Paddy,18.0,600,1080.0,42
manang,undefined,Wheat,16.2,800,1296.0,38
manang,undefined,Maize,19.0,1200,2280.0,25
manang,undefined,Potato,125.0,1500,18750.0,50
rupandehi,undefined,Paddy,18.0,600,1080.0,42
rupandehi,undefined,Wheat,16.2,800,1296.0,38
rupandehi,undefined,Maize,19.0,1200,2280.0,25
rupandehi,undefined,Potato,125.0,1500,18750.0,50
kapilvastu,undefined,Paddy,18.0,600,1080.0,42
kapilvastu,undefined,Wheat,16.2,800,1296.0,38
kapilvastu,undefined,Maize,19.0,1200,2280.0,25
kapilvastu,undefined,Potato,125.0,1500,18750.0,50
nawalparasi west,undefined,Paddy,18.0,600,1080.0,42
nawalparasi west,undefined,Wheat,16.2,800,1296.0,38
nawalparasi west,undefined,Maize,19.0,1200,2280.0,25
nawalparasi west,undefined,Potato,125.0,1500,18750.0,50
palpa,undefined,Paddy,18.0,600,1080.0,42
palpa,undefined,Wheat,16.2,800,1296.0,38
palpa,undefined,Maize,19.0,1200,2280.0,25
palpa,undefined,Potato,125.0,1500,18750.0,50
gulmi,undefined,Paddy,18.0,600,1080.0,42
gulmi,undefined,Wheat,16.2,800,1296.0,38
gulmi,undefined,Maize,19.0,1200,2280.0,25
gulmi,undefined,Potato,125.0,1500,18750.0,50
arghakhanchi,undefined,Paddy,18.0,600,1080.0,42
arghakhanchi,undefined,Wheat,16.2,800,1296.0,38
arghakhanchi,undefined,Maize,19.0,1200,2280.0,25
arghakhanchi,undefined,Potato,125.0,1500,18750.0,50
dang,undefined,Paddy,18.0,600,1080.0,42
dang,undefined,Wheat,16.2,800,1296.0,38
dang,undefined,Maize,19.0,1200,2280.0,25
dang,undefined,Potato,125.0,1500,18750.0,50
pyuthan,undefined,Paddy,18.0,600,1080.0,42
pyuthan,undefined,Wheat,16.2,800,1296.0,38
pyuthan,undefined,Maize,19.0,1200,2280.0,25
pyuthan,undefined,Potato,125.0,1500,18750.0,50
rolpa,undefined,Paddy,18.0,600,1080.0,42
rolpa,undefined,Wheat,16.2,800,1296.0,38
rolpa,undefined,Maize,19.0,1200,2280.0,25
rolpa,undefined,Potato,125.0,1500,18750.0,50
rukum east,undefined,Paddy,18.0,600,1080.0,42
rukum east,undefined,Wheat,16.2,800,1296.0,38
rukum east,undefined,Maize,19.0,1200,2280.0,25
rukum east,undefined,Potato,125.0,1500,18750.0,50
banke,undefined,Paddy,18.0,600,1080.0,42
banke,undefined,Wheat,16.2,800,1296.0,38
banke,undefined,Maize,19.0,1200,2280.0,25
banke,undefined,Potato,125.0,1500,18750.0,50
bardiya,undefined,Paddy,18.0,600,1080.0,42
bardiya,undefined,Wheat,16.2,800,1296.0,38
bardiya,undefined,Maize,19.0,1200,2280.0,25
bardiya,undefined,Potato,125.0,1500,18750.0,50
surkhet,undefined,Paddy,18.0,600,1080.0,42
surkhet,undefined,Wheat,16.2,800,1296.0,38
surkhet,undefined,Maize,19.0,1200,2280.0,25
surkhet,undefined,Potato,125.0,1500,18750.0,50
dailekh,undefined,Paddy,18.0,600,1080.0,42
dailekh,undefined,Wheat,16.2,800,1296.0,38
dailekh,undefined,Maize,19.0,1200,2280.0,25
dailekh,undefined,Potato,125.0,1500,18750.0,50
jajarkot,undefined,Paddy,18.0,600,1080.0,42
jajarkot,undefined,Wheat,16.2,800,1296.0,38
jajarkot,undefined,Maize,19.0,1200,2280.0,25
jajarkot,undefined,Potato,125.0,1500,18750.0,50
rukum west,undefined,Paddy,18.0,600,1080.0,42
rukum west,undefined,Wheat,16.2,800,1296.0,38
rukum west,undefined,Maize,19.0,1200,2280.0,25
rukum west,undefined,Potato,125.0,1500,18750.0,50
jumla,undefined,Paddy,18.0,600,1080.0,42
jumla,undefined,Wheat,16.2,800,1296.0,38
jumla,undefined,Maize,19.0,1200,2280.0,25
jumla,undefined,Potato,125.0,1500,18750.0,50
kalikot,undefined,Paddy,18.0,600,1080.0,42
kalikot,undefined,Wheat,16.2,800,1296.0,38
kalikot,undefined,Maize,19.0,1200,2280.0,25
kalikot,undefined,Potato,125.0,1500,18750.0,50
mugu,undefined,Paddy,18.0,600,1080.0,42
mugu,undefined,Wheat,16.2,800,1296.0,38
mugu,undefined,Maize,19.0,1200,2280.0,25
mugu,undefined,Potato,125.0,1500,18750.0,50
humla,undefined,Paddy,18.0,600,1080.0,42
humla,undefined,Wheat,16.2,800,1296.0,38
humla,undefined,Maize,19.0,1200,2280.0,25
humla,undefined,Potato,125.0,1500,18750.0,50
dolpa,undefined,Paddy,18.0,600,1080.0,42
dolpa,undefined,Wheat,16.2,800,1296.0,38
dolpa,undefined,Maize,19.0,1200,2280.0,25
dolpa,undefined,Potato,125.0,1500,18750.0,50
kailali,undefined,Paddy,18.0,600,1080.0,42
kailali,undefined,Wheat,16.2,800,1296.0,38
kailali,undefined,Maize,19.0,1200,2280.0,25
kailali,undefined,Potato,125.0,1500,18750.0,50
kanchanpur,undefined,Paddy,18.0,600,1080.0,42
kanchanpur,undefined,Wheat,16.2,800,1296.0,38
kanchanpur,undefined,Maize,19.0,1200,2280.0,25
kanchanpur,undefined,Potato,125.0,1500,18750.0,50
doti,undefined,Paddy,18.0,600,1080.0,42
doti,undefined,Wheat,16.2,800,1296.0,38
doti,undefined,Maize,19.0,1200,2280.0,25
doti,undefined,Potato,125.0,1500,18750.0,50
achham,undefined,Paddy,18.0,600,1080.0,42
achham,undefined,Wheat,16.2,800,1296.0,38
achham,undefined,Maize,19.0,1200,2280.0,25
achham,undefined,Potato,125.0,1500,18750.0,50
dadeldhura,undefined,Paddy,18.0,600,1080.0,42
dadeldhura,undefined,Wheat,16.2,800,1296.0,38
dadeldhura,undefined,Maize,19.0,1200,2280.0,25
dadeldhura,undefined,Potato,125.0,1500,18750.0,50
baitadi,undefined,Paddy,18.0,600,1080.0,42
baitadi,undefined,Wheat,16.2,800,1296.0,38
baitadi,undefined,Maize,19.0,1200,2280.0,25
baitadi,undefined,Potato,125.0,1500,18750.0,50
bajhang,undefined,Paddy,18.0,600,1080.0,42
bajhang,undefined,Wheat,16.2,800,1296.0,38
bajhang,undefined,Maize,19.0,1200,2280.0,25
bajhang,undefined,Potato,125.0,1500,18750.0,50
bajura,undefined,Paddy,18.0,600,1080.0,42
bajura,undefined,Wheat,16.2,800,1296.0,38
bajura,undefined,Maize,19.0,1200,2280.0,25
bajura,undefined,Potato,125.0,1500,18750.0,50
darchula,undefined,Paddy,18.0,600,1080.0,42
darchula,undefined,Wheat,16.2,800,1296.0,38
darchula,undefined,Maize,19.0,1200,2280.0,25
darchula,undefined,Potato,125.0,1500,18750.0,50
